X,Y,codigo_oaci,nome,municipio,icon_url
-49.3030555555556,-8.34861111111111,SBAA,CONCEIÇÃO DO ARAGUAIA,CONCEIÇÃO DO ARAGUAIA,./0.png
-49.0683333333333,-22.1577777777778,SBAE,BAURU/AREALVA,BAURU E AREALVA,./0.png
-48.1402777777778,-21.8044444444444,SBAQ,BARTOLOMEU DE GUSMÃO,ARARAQUARA,./0.png
-37.0733333333333,-10.9852777777778,SBAR,SANTA MARIA,ARACAJU,./0.png
-56.105,-9.86638888888889,SBAT,PILOTO OSVALDO MARQUES DIAS,ALTA FLORESTA,./0.png
-50.4263888888889,-21.1441666666667,SBAU,ESTADUAL DARIO GUARITA,ARAÇATUBA,./0.png
-46.9655555555556,-19.5605555555556,SBAX,ROMEU ZEMA,ARAXÁ,./0.png
-48.4788888888889,-1.38472222222222,SBBE,INTERNACIONAL DE BELÉM/VAL DE CANS/JÚLIO CEZAR RIBEIRO,BELÉM,./0.png
-54.1097222222222,-31.3908333333333,SBBG,COMANDANTE GUSTAVO KRAEMER,BAGÉ,./0.png
-43.9505555555556,-19.8519444444444,SBBH,PAMPULHA - CARLOS DRUMMOND DE ANDRADE,BELO HORIZONTE,./0.png
-49.2336111111111,-25.4033333333333,SBBI,BACACHERI,CURITIBA,./0.png
-46.5375,-22.9791666666667,SBBP,ESTADUAL ARTHUR SIQUEIRA,BRAGANÇA PAULISTA,./0.png
-47.9186111111111,-15.8711111111111,SBBR,PRESIDENTE JUSCELINO KUBITSCHEK,BRASÍLIA,./0.png
-49.0538888888889,-22.3436111111111,SBBU,BAURU,BAURU,./0.png
-60.6922222222222,2.84138888888889,SBBV,ATLAS BRASIL CANTANHEDE,BOA VISTA,./0.png
-52.3894444444444,-15.8608333333333,SBBW,BARRA DO GARÇAS,BARRA DO GARÇAS,./0.png
-53.5019444444444,-25.0022222222222,SBCA,CORONEL ADALBERTO MENDES DA SILVA,CASCAVEL,./0.png
-42.0713888888889,-22.9208333333333,SBCB,CABO FRIO,CABO FRIO,./0.png
-50.9397222222222,-26.7897222222222,SBCD,CARLOS ALBERTO DA COSTA NEVES,CAÇADOR,./0.png
-43.9719444444444,-19.6244444444444,SBCF,TANCREDO NEVES,CONFINS,./0.png
-54.6702777777778,-20.4694444444444,SBCG,CAMPO GRANDE,CAMPO GRANDE,./0.png
-52.6619444444444,-27.1338888888889,SBCH,SERAFIN ENOSS BERTASO,CHAPECÓ,./0.png
-47.4586111111111,-7.32055555555556,SBCI,BRIGADEIRO LYSIAS AUGUSTO RODRIGUES,CAROLINA,./0.png
-50.0013888888889,-6.11527777777778,SBCJ,CARAJÁS,PARAUAPEBAS,./0.png
-49.4213888888889,-28.7244444444444,SSIM,FORQUILHINHA/CRICIÚMA (SBCM*),FORQUILHINHA,./0.png
-48.61,-17.7247222222222,SBCN,NELSON RODRIGUES GUIMARÃES,CALDAS NOVAS,./0.png
-41.3077777777778,-21.7011111111111,SBCP,BARTOLOMEU LISANDRO,CAMPOS DOS GOYTACAZES,./0.png
-57.6713888888889,-19.0119444444444,SBCR,CORUMBÁ,CORUMBÁ,./0.png
-49.1761111111111,-25.5316666666667,SBCT,AFONSO PENA,CURITIBA,./0.png
-39.2544444444444,-17.6505555555556,SSCV,CARAVELAS,CARAVELAS,./0.png
-51.1897222222222,-29.1955555555556,SBCX,HUGO CANTERGIANI,CAXIAS DO SUL,./0.png
-56.1175,-15.65,SBCY,MARECHAL RONDON,VÁRZEA GRANDE,./0.png
-51.6763888888889,-19.1469444444444,SSCL,CASSILÂNDIA,CASSILÂNDIA,./0.png
-56.4525,-21.2472222222222,SBDB,BONITO,BONITO,./0.png
-51.4188888888889,-22.1783333333333,SBDN,PRESIDENTE PRUDENTE,PRESIDENTE PRUDENTE,./0.png
-54.9255555555556,-22.2005555555556,SBDO,DOURADOS,DOURADOS,./0.png
-60.0505555555556,-3.04111111111111,SBEG,EDUARDO GOMES,MANAUS,./0.png
-57.7758333333333,-6.23527777777778,SBEK,JACAREACANGA,JACAREACANGA,./0.png
-54.485,-25.6002777777778,SBFI,CATARATAS,FOZ DO IGUAÇU,./0.png
-48.5525,-27.6702777777778,SBFL,HERCÍLIO LUZ,FLORIANÓPOLIS,./0.png
-32.4283333333333,-3.85472222222222,SBFN,FERNANDO DE NORONHA,FERNANDO DE NORONHA,./0.png
-38.5322222222222,-3.77583333333333,SBFZ,PINTO MARTINS,FORTALEZA,./0.png
-43.2505555555556,-22.81,SBGL,AEROPORTO INTERNACIONAL DO RIO DE JANEIRO/GALEÃO – ANTONIO CARLOS JOBIM,RIO DE JANEIRO,./0.png
-65.2816666666667,-10.7883333333333,SBGM,GUAJARÁ-MIRIM,GUAJARÁ-MIRIM,./0.png
-49.2211111111111,-16.6325,SBGO,SANTA GENOVEVA/GOIÂNIA,GOIÂNIA,./0.png
-46.4730555555556,-23.4355555555556,SBGR,GUARULHOS - GOVERNADOR ANDRÉ FRANCO MONTORO,GUARULHOS,./0.png
-51.5236111111111,-25.3883333333333,SSGG,TANCREDO THOMAS DE FARIA,GUARAPUAVA,./0.png
-41.9861111111111,-18.8969444444444,SBGV,CORONEL ALTINO MACHADO,GOVERNADOR VALADARES,./0.png
-45.2044444444444,-22.7916666666667,SBGW,GUARATINGUETÁ,GUARATINGUETÁ,./0.png
-52.2522222222222,-3.25083333333333,SBHT,ALTAMIRA,ALTAMIRA,./0.png
-58.4816666666667,-3.12638888888889,SBIC,ITACOATIARA,ITACOATIARA,./0.png
-56.0008333333333,-4.24222222222222,SBIH,ITAITUBA,ITAITUBA,./0.png
-39.0333333333333,-14.815,SBIL,BAHIA - JORGE AMADO,ILHÉUS,./0.png
-42.4880555555556,-19.4705555555556,SBIP,USIMINAS,SANTANA DO PARAÍSO,./0.png
-47.4583333333333,-5.53055555555556,SBIZ,PREFEITO RENATO MOREIRA,IMPERATRIZ,./0.png
-48.4588888888889,-1.415,SBJC,BELÉM/BRIGADEIRO PROTÁSIO DE OLIVEIRA,BELÉM,./0.png
-46.9436111111111,-23.1816666666667,SBJD,COMANDANTE ROLIM ADOLFO AMARO,JUNDIAÍ,./0.png
-43.3855555555556,-21.7930555555556,SBJF,FRANCISCO DE ASSIS,JUIZ DE FORA,./0.png
-61.8466666666667,-10.8705555555556,SBJI,JI-PARANÁ,JI-PARANÁ,./0.png
-34.9502777777778,-7.14833333333333,SBJP,PRESIDENTE CASTRO PINTO,JOÃO PESSOA,./0.png
-43.37,-22.9875,SBJR,JACAREPAGUÁ/RJ - Roberto Marinho,RIO DE JANEIRO,./0.png
-39.2694444444444,-7.21916666666667,SBJU,ORLANDO BEZERRA DE MENEZES,JUAZEIRO DO NORTE,./0.png
-48.7977777777778,-26.2230555555556,SBJV,LAURO CARNEIRO DE LOYOLA,JOINVILLE,./0.png
-35.895,-7.26916666666667,SBKG,PRESIDENTE JOÃO SUASSUNA,CAMPINA GRANDE,./0.png
-47.1344444444444,-23.0069444444444,SBKP,VIRACOPOS,CAMPINAS,./0.png
-41.2769444444444,-12.4822222222222,SBLE,HORÁCIO DE MATTOS,LENÇÓIS,./0.png
-50.2816666666667,-27.7822222222222,SBLJ,LAGES,LAGES,./0.png
-51.1366666666667,-23.3302777777778,SBLO,GOVERNADOR JOSÉ RICHA,LONDRINA,./0.png
-43.4075,-13.2613888888889,SBLP,BOM JESUS DA LAPA,BOM JESUS DA LAPA,./0.png
-49.1380555555556,-5.36805555555556,SBMA,JOÃO CORREA DA ROCHA,MARABÁ,./0.png
-52.6022222222222,-0.889722222222222,SBMD,MONTE DOURADO,ALMEIRIM,./0.png
-41.7638888888889,-22.3427777777778,SBME,MACAÉ,MACAÉ,./0.png
-52.0122222222222,-23.4794444444444,SBMG,SÍLVIO NAME JÚNIOR,MARINGÁ,./0.png
-43.8219444444444,-16.7061111111111,SBMK,MÁRIO RIBEIRO,MONTES CLAROS,./0.png
-49.9269444444444,-22.1955555555556,SBML,FRANK MILOYE MILENKOVICH,MARÍLIA,./0.png
-35.7836111111111,-9.51722222222222,SBMO,ZUMBI DOS PALMARES,MACEIÓ,./0.png
-51.0702777777778,0.050833333333333,SBMQ,ALBERTO ALCOLUMBRE,MACAPÁ,./0.png
-37.3616666666667,-5.19583333333333,SBMS,DIX-SEPT ROSADO,MOSSORÓ,./0.png
-46.6338888888889,-23.5066666666667,SBMT,CAMPO DE MARTE,SÃO PAULO,./0.png
-61.2838888888889,-5.81694444444444,SBMY,MANICORÉ,MANICORÉ,./0.png
-48.6508333333333,-26.8786111111111,SBNF,MINISTRO VICTOR KONDER,NAVEGANTES,./0.png
-54.1683333333333,-28.2816666666667,SBNM,SANTO ÂNGELO,SANTO ÂNGELO,./0.png
-51.7961111111111,3.86138888888889,SBOI,OIAPOQUE,OIAPOQUE,./0.png
-51.1711111111111,-29.9938888888889,SBPA,SALGADO FILHO,PORTO ALEGRE,./0.png
-41.7302777777778,-2.89388888888889,SBPB,AEROPORTO INTERNACIONAL DE PARNAÍBA / PREFEITO DOUTOR JOÃO SILVA FILHO,PARNAÍBA,./0.png
-46.5661111111111,-21.8377777777778,SBPC,EMBAIXADOR WALTHER MOREIRA SALLES,POÇOS DE CALDAS,./0.png
-52.3286111111111,-28.2452777777778,SBPF,LAURO KURTZ,PASSO FUNDO,./0.png
-48.3577777777778,-10.29,SBPJ,BRIGADEIRO LYSIAS RODRIGUES,PALMAS,./0.png
-52.3311111111111,-31.7161111111111,SBPK,JOÃO SIMÕES LOPES NETO,PELOTAS,./0.png
-40.5636111111111,-9.3675,SBPL,SENADOR NILO COELHO,PETROLINA,./0.png
-48.4002777777778,-10.7169444444444,SDPE,PORTO NACIONAL,PORTO NACIONAL,./0.png
-55.7025,-22.5497222222222,SBPP,PONTA PORÃ,PONTA PORÃ,./0.png
-43.9891666666667,-19.9091666666667,SBPR,CARLOS PRATES,BELO HORIZONTE,./0.png
-39.0777777777778,-16.4380555555556,SBPS,PORTO SEGURO,PORTO SEGURO,./0.png
-63.9027777777778,-8.71361111111111,SBPV,GOVERNADOR JORGE TEIXEIRA DE OLIVEIRA,PORTO VELHO,./0.png
-67.8980555555556,-9.86833333333333,SBRB,PLÁCIDO DE CASTRO,RIO BRANCO,./0.png
-54.7216666666667,-16.5880555555556,SBRD,RONDONÓPOLIS - MAESTRO MARINHO FRANCO (*SWRD),RONDONÓPOLIS,./0.png
-34.9227777777778,-8.12638888888889,SBRF,GUARARAPES - GILBERTO FREYRE,RECIFE,./0.png
-43.1625,-22.91,SBRJ,SANTOS DUMONT,RIO DE JANEIRO,./0.png
-47.7766666666667,-21.1363888888889,SBRP,LEITE LOPES,RIBEIRÃO PRETO,./0.png
-35.3663888888889,-5.76888888888889,SBSG,GOVERNADOR ALUIZIO ALVES,SÃO GONÇALO DO AMARANTE,./0.png
-45.8711111111111,-23.2288888888889,SBSJ,PROFESSOR URBANO ERNESTO STUMPF,SÃO JOSÉ DOS CAMPOS,./0.png
-44.2361111111111,-2.58694444444445,SBSL,MARECHAL CUNHA MACHADO,SÃO LUÍS,./0.png
-53.6922222222222,-29.7108333333333,SBSM,SANTA MARIA,SANTA MARIA,./0.png
-54.7858333333333,-2.42472222222222,SBSN,MAESTRO WILSON FONSECA,SANTARÉM,./0.png
-46.6563888888889,-23.6261111111111,SBSP,CONGONHAS,SÃO PAULO,./0.png
-49.4047222222222,-20.8161111111111,SBSR,PROFESSOR ERIBERTO MANOEL REINO,SÃO JOSÉ DO RIO PRETO,./0.png
-38.3225,-12.9086111111111,SBSV,DEPUTADO LUÍS EDUARDO MAGALHÃES,SALVADOR,./0.png
-56.3991666666667,-1.48444444444444,SBTB,TROMBETAS,TROMBETAS,./0.png
-53.6963888888889,-24.6852777777778,SBTD,LUIZ DALCANALE FILHO,TOLEDO,./0.png
-42.8244444444444,-5.06055555555556,SBTE,SENADOR PETRÔNIO PORTELLA,TERESINA,./0.png
-64.7252777777778,-3.38027777777778,SBTF,TEFÉ,TEFÉ,./0.png
-51.6802777777778,-20.7513888888889,SBTG,TRÊS LAGOAS,TRÊS LAGOAS,./0.png
-70.7827777777778,-8.15472222222222,SBTK,TARAUACÁ,TARAUACÁ,./0.png
-49.81,-29.415,SSTE,TORRES,TORRES,./0.png
-69.9377777777778,-4.25055555555556,SBTT,TABATINGA,TABATINGA,./0.png
-49.7197222222222,-3.77694444444444,SBTU,TUCURUÍ,TUCURUÍ,./0.png
-66.9858333333333,-0.148055555555556,SBUA,SÃO GABRIEL DA CACHOEIRA,SÃO GABRIEL DA CACHOEIRA,./0.png
-38.2511111111111,-9.40111111111111,SBUF,PAULO AFONSO,PAULO AFONSO,./0.png
-57.0369444444444,-29.7833333333333,SBUG,RUBEM BERTA,URUGUAIANA,./0.png
-48.2252777777778,-18.8836111111111,SBUL,TEN CEL AVIADOR CÉSAR BOMBONATO,UBERLÂNDIA,./0.png
-47.9661111111111,-19.7647222222222,SBUR,MARIO DE ALMEIDA FRANCO,UBERABA,./0.png
-45.4733333333333,-21.5888888888889,SBVG,MAJOR BRIGADEIRO TROMPOWSKY,VARGINHA,./0.png
-60.0972222222222,-12.6941666666667,SBVH,VILHENA,VILHENA,./0.png
-40.2863888888889,-20.2580555555556,SBVT,EURICO DE AGUIAR SALLES,VITÓRIA,./0.png
-43.1730555555555,-21.5130555555556,SBZM,PRESIDENTE ITAMAR FRANCO,GOIANÁ,./0.png
-47.3583333333333,-22.3369444444444,SDAA,ARARAS,ARARAS,./0.png
-51.0963888888889,-21.6961111111111,SDAD,EVERALDO MORAES BARRETO,ADAMANTINA,./0.png
-47.8961111111111,-22.5836111111111,SDAE,SÃO PEDRO,SÃO PEDRO,./0.png
-44.3072222222222,-22.9752777777778,SDAG,ANGRA DOS REIS,ANGRA DOS REIS,./0.png
-47.2680555555556,-22.7552777777778,SDAI,AMERICANA,AMERICANA,./0.png
-47.1080555555556,-22.8591666666667,SDAM,ESTADUAL DE CAMPOS DOS AMARAIS - PREFEITO FRANCISCO AMARAL,CAMPINAS,./0.png
-47.5858333333333,-20.8769444444444,SDBA,BATATAIS,BATATAIS,./0.png
-48.4736111111111,-20.9002777777778,SDBB,BEBEDOURO,BEBEDOURO,./0.png
-48.4675,-22.9366666666667,SDBK,TANCREDO DE ALMEIDA NEVES,BOTUCATU,./0.png
-48.7063888888889,-22.0691666666667,SDBY,BARIRI,BARIRI,./0.png
-48.3569444444444,-24.0336111111111,SDCA,CAPÃO BONITO,CAPÃO BONITO,./0.png
-68.9241666666667,-3.47055555555556,SDCG,SENADORA EUNICE MICHILES,SÃO PAULO DE OLIVENÇA,./0.png
-47.4863888888889,-23.4830555555556,SDCO,SOROCABA,SOROCABA,./0.png
-51.3838888888889,-20.9258333333333,SDDN,PAULINO RIBEIRO DE ANDRADE,ANDRADINA,./0.png
-51.6069444444444,-21.4605555555556,SDDR,DRACENA,DRACENA,./0.png
-52.1436111111111,-21.775,SDEP,GERALDO MOACIR BORDON,PRESIDENTE EPITÁCIO,./0.png
-47.7244444444444,-23.1047222222222,SDET,TIETÊ,TIETÊ,./0.png
-50.2138888888889,-20.2766666666667,SDFD,CORONEL AVIADOR CARLOS ORLEANS GUIMARÃES,FERNANDÓPOLIS,./0.png
-40.9375,-9.1575,SDFX,CASA NOVA,CASA NOVA,./0.png
-49.6561111111111,-22.1836111111111,SDGC,GARÇA,GARÇA,./0.png
-50.6530555555556,-21.2630555555556,SDGR,GUARARAPES,GUARARAPES,./0.png
-48.8558333333333,-21.7472222222222,SDIG,IBITINGA,IBITINGA,./0.png
-46.7855555555556,-24.1647222222222,SDIM,DR. ANTONIO RIBEIRO NOGUEIRA JÚNIOR,ITANHAÉM,./0.png
-47.7686111111111,-20.3752777777778,SDIV,ITUVERAVA,ITUVERAVA,./0.png
-48.2855555555556,-21.2308333333333,SDJC,JABOTICABAL,JABOTICABAL,./0.png
-47.8422222222222,-20.5933333333333,SDJO,SÃO JOAQUIM DA BARRA,SÃO JOAQUIM DA BARRA,./0.png
-46.8405555555556,-22.0166666666667,SDJV,MUNICIPAL DE SÃO JOÃO DA BOA VISTA,SÃO JOÃO DA BOA VISTA,./0.png
-40.0916666666667,-9.15527777777778,SDKF,JUAZEIRO,CURAÇÁ,./0.png
-45.1872222222222,-11.0211111111111,SDKJ,FORMOSA DO RIO PRETO,FORMOSA DO RIO PRETO,./0.png
-47.0338888888889,-21.4872222222222,SDKK,MOCOCA,MOCOCA,./0.png
-51.0183333333333,-21.7494444444444,SDLC,LUCÉLIA,LUCÉLIA,./0.png
-41.7908333333333,-13.5830555555556,SDLE,RIO DE CONTAS,RIO DE CONTAS,./0.png
-42.2647222222222,-14.4811111111111,SDLK,CACULÉ,CACULÉ,./0.png
-47.3822222222222,-22.2269444444444,SDLL,YOLANDA PENTEADO,LEME,./0.png
-48.7744444444444,-22.5783333333333,SDLP,MUNICIPAL JOSÉ BOSO,LENÇÓIS PAULISTA,./0.png
-48.3508333333333,-21.6241666666667,SDLY,ARMANDO NATALI,MATÃO,./0.png
-42.8288888888889,-22.9180555555556,SBMI,MARICÁ,MARICÁ,./0.png
-49.4861111111111,-20.8072222222222,SDMH,MIRASSOL,MIRASSOL,./0.png
-46.9047222222222,-22.41,SDMJ,MOGI MIRIM,MOGI MIRIM,./0.png
-48.5297222222222,-21.2613888888889,SDMO,MONTE ALTO,MONTE ALTO,./0.png
-49.2344444444444,-21.4977777777778,SDNH,NOVO HORIZONTE,NOVO HORIZONTE,./0.png
-56.0386111111111,-13.8211111111111,SDNM,BRIGADEIRO EDUARDO GOMES,NOVA MUTUM,./0.png
-48.5761111111111,-22.6961111111111,SDNO,NELSON GARÓFALO,SÃO MANUEL,./0.png
-49.9113888888889,-22.9736111111111,SDOU,AEROPORTO MUNICIPAL DE OURINHOS JORNALISTA BENEDITO PIMENTEL,OURINHOS,./0.png
-50.5705555555556,-14.7447222222222,SDOV,MOZARLÂNDIA,MOZARLÂNDIA,./0.png
-51.05,-6.76222222222222,SDOW,OURILÂNDIA DO NORTE,OURILÂNDIA DO NORTE,./0.png
-45.4319444444444,-22.9438888888889,SDPD,PINDAMONHANGABA,PINDAMONHANGABA,./0.png
-50.0319444444444,-21.4102777777778,SDPN,PENÁPOLIS,PENÁPOLIS,./0.png
-51.8844444444444,-21.8933333333333,SDPV,PRESIDENTE VENCESLAU,PRESIDENTE VENCESLAU,./0.png
-47.6194444444444,-22.7105555555556,SDPW,PEDRO MORGANTI,PIRACICABA,./0.png
-47.4216666666667,-22.0277777777778,SDPY,PIRASSUNUNGA,PIRASSUNUNGA,./0.png
-47.5625,-22.4316666666667,SDRK,RIO CLARO,RIO CLARO,./0.png
-48.9841666666667,-23.0930555555556,SDRR,AVARÉ-ARANDU,AVARÉ,./0.png
-44.4816666666667,-22.4786111111111,SDRS,RESENDE,RESENDE,./0.png
-47.9033333333333,-21.8763888888889,SDSC,MÁRIO PEREIRA LOPES,SÃO CARLOS,./0.png
-55.6688888888889,-12.4727777777778,SBSO,REGIONAL DE SORRISO ADOLINO BEDIN (SDSS*),SORRISO,./0.png
-46.5747222222222,-23.1283333333333,SDTB,ATIBAIA,ATIBAIA,./0.png
-47.88,-23.3319444444444,SDTF,TATUÍ,TATUÍ,./0.png
-51.6008333333333,-21.3933333333333,SDTI,TUPI PAULISTA,TUPI PAULISTA,./0.png
-44.7202777777778,-23.2244444444444,SDTK,PARATI,PARATI,./0.png
-50.5058333333333,-21.89,SDTP,JOSÉ VICENTE FARIA LIMA,TUPÃ,./0.png
-45.0761111111111,-23.4413888888889,SDUB,ESTADUAL GASTÃO MADEIRA,UBATUBA,./0.png
-41.8755555555556,-21.2194444444444,SDUN,ITAPERUNA,ITAPERUNA,./0.png
-50.6069444444444,-22.4269444444444,SDUQ,PARAGUAÇU PAULISTA,PARAGUAÇU PAULISTA,./0.png
-49.8169444444444,-22.2302777777778,SDVE,VERA CRUZ,VERA CRUZ,./0.png
-50.0025,-20.4572222222222,SDVG,DOMINGOS PIGNATARI,VOTUPORANGA,./0.png
-54.7227777777778,-1.91694444444444,SDWQ,ALENQUER,ALENQUER,./0.png
-47.5302777777778,-14.1191666666667,SDXF,ALTO PARAÍSO DE GOIÁS,ALTO PARAÍSO DE GOIÁS,./0.png
-53.1683333333333,-18.4913888888889,SDXJ,COSTA RICA,COSTA RICA,./0.png
-40.2975,-5.93333333333333,SDZG,PEDRO TEIXEIRA CASTELO REGIONAL TAUÁ,TAUÁ,./0.png
-37.7552777777778,-6.3625,SIBU,CATOLÉ DO ROCHA,CATOLÉ DO ROCHA,./0.png
-38.4975,-7.5625,SIBW,CONCEIÇÃO,CONCEIÇÃO,./0.png
-37.1366666666667,-7.87833333333333,SIBY,MONTEIRO,MONTEIRO,./0.png
-38.1136111111111,-7.31111111111111,SIBZ,ITAPORANGA,ITAPORANGA,./0.png
-36.14,-6.4875,SICB,PEDRO SIMÕES PIMENTA,CUITÉ,./0.png
-55.9502777777778,-13.0377777777778,SILC,AEROPORTO MUNICIPAL BOM FUTURO ,LUCAS DO RIO VERDE,./0.png
-47.3825,-20.5902777777778,SIMK,TENENTE LUND PRESSOTO,FRANCA,./0.png
-57.5388888888889,-11.2866666666667,SIZX,JUARA SUL,JUARA,./0.png
-49.5577777777778,-8.83777777777778,SJAU,ARAGUACEMA,ARAGUACEMA,./0.png
-45.345,-3.65388888888889,SJBY,JOÃO SILVA,SANTA INÊS,./0.png
-48.1155555555556,-5.68444444444444,SJGU,ARAGUATINS,ARAGUATINS,./0.png
-49.0602777777778,-28.6752777777778,SBJA,REGIONAL SUL,JAGUARUNA,./0.png
-55.4008333333333,-7.12583333333333,SJNP,NOVO PROGRESSO,NOVO PROGRESSO,./0.png
-63.0488888888889,-9.88472222222222,SJOG,ARIQUEMES,ARIQUEMES,./0.png
-50.4091666666667,-18.4461111111111,SJQN,QUIRINÓPOLIS,QUIRINÓPOLIS,./0.png
-52.1675,-32.0833333333333,SJRG,REGIONAL DE RIO GRANDE,RIO GRANDE,./0.png
-56.4888888888889,-2.07277777777778,SJTS,TERRA SANTA,TERRA SANTA,./0.png
-52.2452777777778,-15.8991666666667,SJVO,ARAGARÇAS,ARAGARÇAS,./0.png
-38.6158333333333,-6.88277777777778,SJZA,PEDRO VIEIRA MOREIRA,CAJAZEIRAS,./0.png
-40.5352777777778,-7.58638888888889,SNAB,ARARIPINA,ARARIPINA,./0.png
-37.0883333333333,-8.40777777777778,SNAE,ARCOVERDE,ARCOVERDE,./0.png
-48.1902777777778,-18.6680555555556,SNAG,ARAGUARI,ARAGUARI,./0.png
-36.6305555555556,-9.77638888888889,SNAL,ARAPIRACA,ARAPIRACA,./0.png
-44.8944444444444,-20.9113888888889,SNAM,SANTO ANTÔNIO DO AMPARO,SANTO ANTÔNIO DO AMPARO,./0.png
-43.3230555555556,-15.7319444444444,SNAP,JANAÚBA,JANAÚBA,./0.png
-40.6672222222222,-16.1838888888889,SNAR,CIRILO QUEIRÓZ,ALMENARA,./0.png
-45.1905555555556,-18.225,SNAS,TRÊS MARIAS,TRÊS MARIAS,./0.png
-37.8047222222222,-4.56861111111111,SBAC,ARACATI (SNAT*),ARACATI,./0.png
-50.4530555555556,-22.64,SNAX,MARCELO PIRES HALZHAUSEN,ASSIS,./0.png
-48.5958333333333,-20.5855555555556,SNBA,CHAFEI AMSEI (SBBT*),BARRETOS,./0.png
-45.2161111111111,-5.5025,SNBC,BARRA DO CORDA,BARRA DO CORDA,./0.png
-41.0419444444444,-19.4988888888889,SNBG,BAIXO GUANDU - AIMORÉS,BAIXO GUANDU,./0.png
-44.8197222222222,-4.22805555555556,SNBI,BACABAL,BACABAL,./0.png
-42.3944444444444,-21.1261111111111,SNBM,CRISTIANO FERREIRA VARELLA,MURIAÉ,./0.png
-45.0094444444444,-12.0791666666667,SNBR,BARREIRAS,BARREIRAS,./0.png
-46.0533333333333,-7.52527777777778,SNBS,BALSAS,BALSAS,./0.png
-43.1475,-11.0811111111111,SNBX,BARRA,BARRA,./0.png
-42.2291666666667,-13.4905555555556,SNBZ,PARAMIRIM,PARAMIRIM,./0.png
-45.3355555555556,-20.8925,SNCA,CAMPO BELO,CAMPO BELO,./0.png
-40.3641666666667,-7.04944444444444,SNCS,CAMPOS SALES,CAMPOS SALES,./0.png
-42.1111111111111,-19.7252777777778,SNCT,CARATINGA,UBAPORANGA,./0.png
-40.5844444444444,-19.4844444444444,SNCX,COLATINA,COLATINA,./0.png
-42.9166666666667,-20.4030555555556,SNCZ,PONTE NOVA,PONTE NOVA,./0.png
-49.9797222222222,-8.03111111111111,SNDC,REDENÇÃO,REDENÇÃO,./0.png
-43.6502777777778,-18.2322222222222,SNDT,JUSCELINO KUBITSCHEK,DIAMANTINA,./0.png
-44.87,-20.1819444444444,SNDV,BRIGADEIRO ANTÔNIO CABRAL,DIVINÓPOLIS,./0.png
-40.8725,-15.5194444444444,SNDW,DIVISA,ENCRUZILHADA,./0.png
-47.3163888888889,-3.01972222222222,SNEB,NAGIB DEMACHKI,PARAGOMINAS,./0.png
-38.9552777777778,-15.6663888888889,SNED,SÓCRATES REZENDE,CANAVIEIRAS,./0.png
-51.0227777777778,-28.4319444444444,SNEE,VACARIA NOVO,VACARIA,./0.png
-39.0325,-10.5275,SNEU,EUCLIDES DA CUNHA,EUCLIDES DA CUNHA,./0.png
-45.9330555555556,-21.4316666666667,SNFE,COMANDANTE PASCHOAL PATROCÍNIO FILHO,ALFENAS,./0.png
-45.4866666666667,-20.3952777777778,SNFO,FORMIGA,FORMIGA,./0.png
-48.9588888888889,-20.0047222222222,SNFU,FRUTAL,FRUTAL,./0.png
-51.99,-6.64027777777778,SNFX,SÃO FÉLIX DO XINGU,SÃO FÉLIX DO XINGU,./0.png
-40.4916666666667,-20.6463888888889,SNGA,GUARAPARI,GUARAPARI,./0.png
-45.3672222222222,-9.83361111111111,SNGB,GILBUÉS,GILBUÉS,./0.png
-43.5808333333333,-6.78305555555556,SNGD,GUADALUPE,GUADALUPE,./0.png
-44.3691666666667,-9.05944444444444,SNGG,BOM JESUS DO GURGUÉIA,BOM JESUS,./0.png
-42.7461111111111,-14.2080555555556,SNGI,GUANAMBI,GUANAMBI,./0.png
-36.4713888888889,-8.83444444444445,SNGN,GARANHUNS,GARANHUNS,./0.png
-42.5188888888889,-11.4416666666667,SNGT,GENTIO DO OURO,GENTIO DO OURO,./0.png
-46.7302777777778,-21.3266666666667,SNGX,GUAXUPÉ,GUAXUPÉ,./0.png
-38.3286111111111,-8.06138888888889,SNHS,SANTA MAGALHÃES,SERRA TALHADA,./0.png
-40.2702777777778,-12.4997222222222,SNIB,ITABERABA,ITABERABA,./0.png
-41.8469444444444,-11.34,SNIC,IRECÊ,IRECÊ,./0.png
-42.4938888888889,-14.0122222222222,SNIE,CAETITÉ,CAETITÉ,./0.png
-39.2944444444444,-6.34666666666667,SNIG,IGUATU,IGUATU,./0.png
-38.4869444444444,-11.1252777777778,SNIO,CIPÓ,CIPÓ,./0.png
-40.2772222222222,-15.2444444444444,SNIP,ITAPETINGA,ITAPETINGA,./0.png
-43.2255555555556,-12.1644444444444,SNIT,IBOTIRAMA,IBOTIRAMA,./0.png
-39.6841666666667,-14.1733333333333,SNIU,IPIAÚ,IPIAÚ,./0.png
-40.5533333333333,-11.1630555555556,SNJB,JACOBINA,JACOBINA,./0.png
-38.9063888888889,-12.2005555555556,SDIY,JOÃO DURVAL CARNEIRO (SBFE*),FEIRA DE SANTANA,./0.png
-40.0713888888889,-13.8777777777778,SNJK,JEQUIÉ,JEQUIÉ,./0.png
-42.1838888888889,-20.2597222222222,SNJM,ELIAS BREDER,MANHUAÇU,./0.png
-44.3863888888889,-15.4747222222222,SNJN,JANUÁRIA,JANUÁRIA,./0.png
-34.8419444444444,-7.09166666666667,SNJO,AEROCLUBE DE JOÃO PESSOA,JOÃO PESSOA,./0.png
-46.12,-17.7875,SNJP,JOÃO PINHEIRO,JOÃO PINHEIRO,./0.png
-41.025,-16.4722222222222,SNJQ,JEQUITINHONHA,JEQUITINHONHA,./0.png
-44.2252777777778,-21.0855555555556,SNJR,PREFEITO OCTÁVIO DE ALMEIDA NEVES,SÃO JOÃO DEL REI,./0.png
-44.5505555555556,-14.1672222222222,SNKC,COCOS,COCOS,./0.png
-43.4338888888889,-19.0202777777778,SNKD,CONCEIÇÃO DO MATO DENTRO,CONCEIÇÃO DO MATO DENTRO,./0.png
-43.7980555555556,-20.7386111111111,SNKF,DAS BANDEIRINHAS,CONSELHEIRO LAFAIETE,./0.png
-41.1863888888889,-20.8352777777778,SNKI,CACHOEIRO DE ITAPEMIRIM,CACHOEIRO DE ITAPEMIRIM,./0.png
-37.0780555555556,-6.43916666666667,SNKK,CAICÓ,CAICÓ,./0.png
-36.5405555555556,-6.28083333333333,SNKN,CURRAIS NOVOS,CURRAIS NOVOS,./0.png
-45.1363888888889,-10.4519444444444,SNKR,CORRENTE,CORRENTE,./0.png
-44.5152777777778,-10.9891666666667,SNKS,SANTA RITA DE CÁSSIA,SANTA RITA DE CÁSSIA,./0.png
-39.0327777777778,-9.90305555555556,SNKU,CANUDOS,CANUDOS,./0.png
-45.4958333333333,-19.1572222222222,SNLI,DOUTOR JOSÉ MOURÃO,ABAETÉ,./0.png
-40.0694444444444,-19.3552777777778,SNLN,MUNICIPAL DE LINHARES,LINHARES,./0.png
-45.0452777777778,-22.0916666666667,SNLO,SÃO LOURENÇO,SÃO LOURENÇO,./0.png
-41.1538888888889,-8.16638888888889,SNLT,PAULISTANA,PAULISTANA,./0.png
-54.0713888888889,-1.99666666666667,SNMA,MONTE ALEGRE,MONTE ALEGRE,./0.png
-42.6722222222222,-13.025,SNMC,MACAÚBAS,MACAÚBAS,./0.png
-48.9802777777778,-15.8480555555556,SNMH,PIRENÓPOLIS,PIRENÓPOLIS,./0.png
-40.4661111111111,-13.3861111111111,SNMJ,MARACÁS,MARACÁS,./0.png
-43.9791666666667,-15.0930555555556,SNMK,MOCAMBINHO,JAÍBA,./0.png
-42.5838888888889,-17.2338888888889,SNMN,MINAS NOVAS,MINAS NOVAS,./0.png
-38.9838888888889,-14.1172222222222,SNMR,MARAÚ,MARAÚ,./0.png
-39.8336111111111,-18.7213888888889,SNMX,SÃO MATEUS,SÃO MATEUS,./0.png
-52.2358333333333,-1.74138888888889,SNMZ,PORTO DE MOZ,PORTO DE MOZ,./0.png
-43.0211111111111,-21.5422222222222,SNNE,SEBASTIÃO CARLOS LEITE,SÃO JOÃO NEPOMUCENO,./0.png
-40.3297222222222,-17.8230555555556,SNNU,NANUQUE,NANUQUE,./0.png
-40.3366666666667,-3.67888888888889,SNOB,AERÓDROMO PÚBLICO DE SOBRAL,SOBRAL,./0.png
-41.1797222222222,-11.5344444444444,SNOC,MORRO DO CHAPÉU,MORRO DO CHAPÉU,./0.png
-42.1672222222222,-7.01888888888889,SNOE,OEIRAS,OEIRAS,./0.png
-46.3933333333333,-22.2975,SNOF,OURO FINO,OURO FINO,./0.png
-46.6597222222222,-20.7333333333333,SNOS,MUNICIPAL JOSÉ FIGUEIREDO,PASSOS,./0.png
-70.3408333333333,-8.14138888888889,SNOU,NOVO AERÓDROMO DE FEIJÓ,FEIJÓ,./0.png
-55.8358333333333,-1.71361111111111,SNOX,ORIXIMINÁ,ORIXIMINÁ,./0.png
-44.6008333333333,-19.8425,SNPA,PARÁ DE MINAS,PARÁ DE MINAS,./0.png
-41.5194444444444,-7.06527777777778,SNPC,PICOS,PICOS,./0.png
-46.4913888888889,-18.6722222222222,SNPD,PATOS DE MINAS,PATOS DE MINAS,./0.png
-41.7719444444444,-13.1655555555556,SNPI,PIATÃ,PIATÃ,./0.png
-46.9827777777778,-18.9091666666667,SNPJ,PATROCÍNIO,PATROCÍNIO,./0.png
-45.0233333333333,-19.2033333333333,SNPO,TENENTE XAVIER,POMPÉU,./0.png
-36.6377777777778,-8.37416666666667,SNPQ,PESQUEIRA,PESQUEIRA,./0.png
-72.7694444444444,-7.59944444444444,SBCZ,CRUZEIRO DO SUL,CRUZEIRO DO SUL,./0.png
-44.8602777777778,-17.3169444444444,SNPX,PIRAPORA,PIRAPORA,./0.png
-46.9830555555556,-20.9483333333333,SNPY,SÃO SEBASTIÃO DO PARAÍSO,SÃO SEBASTIÃO DO PARAÍSO,./0.png
-38.2338888888889,-6.78555555555556,SNQD,SOUSA,SOUSA,./0.png
-43.0775,-6.84583333333333,SNQG,CANGAPARA,FLORIANO,./0.png
-41.4444444444444,-13.0316666666667,SNQU,MUCUGÊ,MUCUGÊ,./0.png
-44.4580555555556,-18.7494444444444,SNQV,CURVELO,CURVELO,./0.png
-38.9877777777778,-4.97888888888889,SNQX,QUIXADÁ,QUIXADÁ,./0.png
-39.2719444444444,-17.2969444444444,SNRD,PRADO,PRADO,./0.png
-42.1158333333333,-9.58,SNRM,REMANSO,REMANSO,./0.png
-46.2405555555556,-19.2125,SNRP,RIO PARANAÍBA,RIO PARANAÍBA,./0.png
-36.0108333333333,-8.28444444444444,SNRU,CARUARU,CARUARU,./0.png
-46.6338888888889,-7.35027777777778,SNRX,RIACHÃO,RIACHÃO,./0.png
-44.8652777777778,-20.7144444444444,SNRZ,OLIVEIRA,OLIVEIRA,./0.png
-41.855,-9.7575,SNSE,SENTO SÉ,SENTO SÉ,./0.png
-39.1338888888889,-8.04666666666667,SNSG,SALGUEIRO,SALGUEIRO,./0.png
-42.4661111111111,-18.1986111111111,SNSI,SANTA MARIA DO SUAÇUÍ,SANTA MARIA DO SUAÇUÍ,./0.png
-47.3377777777778,-0.696944444444444,SNSM,SALINÓPOLIS,SALINÓPOLIS,./0.png
-42.3219444444444,-16.2083333333333,SNSS,SALINAS,SALINAS,./0.png
-41.6405555555556,-12.0972222222222,SNST,SOUTO SOARES,SOUTO SOARES,./0.png
-48.5194444444444,-0.697777777777778,SNSW,SOURE,SOURE,./0.png
-39.6683333333333,-17.5244444444444,SNTF,TEIXEIRA DE FREITAS,TEIXEIRA DE FREITAS,./0.png
-55.5144444444444,-1.86805555555556,SNTI,ÓBIDOS,ÓBIDOS,./0.png
-42.7338888888889,-17.2338888888889,SNTM,TURMALINA,TURMALINA,./0.png
-41.515,-17.8908333333333,SNTO,JUSCELINO KUBITSCHECK,TEÓFILO OTONI,./0.png
-43.6536111111111,-10.7216666666667,SNTQ,BURITIRAMA,BURITIRAMA,./0.png
-40.5697222222222,-11.7380555555556,SNTR,PIRITIBA,PIRITIBA,./0.png
-37.2575,-7.03777777777778,SNTS,PATOS,PATOS,./0.png
-44.6219444444444,-13.38,SNTY,CORRENTINA,CORRENTINA,./0.png
-42.8822222222222,-21.1225,SNUB,UBÁ,UBÁ,./0.png
-36.9608333333333,-5.595,SNUC,AÇU,AÇU,./0.png
-45.9922222222222,-20.4388888888889,SNUH,PIUMHI,PIUMHI,./0.png
-42.0461111111111,-16.8519444444444,SNUI,ARAÇUAÍ,ARAÇUAÍ,./0.png
-46.9269444444444,-16.3538888888889,SNUN,UNAÍ,UNAÍ,./0.png
-41.0744444444444,-12.1055555555556,SNUT,UTINGA,UTINGA,./0.png
-38.9925,-13.2963888888889,SNVB,VALENÇA,VALENÇA,./0.png
-42.8419444444444,-20.7447222222222,SNVC,VIÇOSA,VIÇOSA,./0.png
-44.2230555555556,-13.4047222222222,SNVD,SANTA MARIA DA VITÓRIA,SANTA MARIA DA VITÓRIA,./0.png
-45.2680555555556,-21.7891666666667,SNVI,MELLO VIANA,TRÊS CORAÇÕES,./0.png
-50.4433333333333,-1.63638888888889,SNVS,BREVES,BREVES,./0.png
-40.8588888888889,-2.89583333333333,SNWC,CAMOCIM,CAMOCIM,./0.png
-40.7041666666667,-5.21111111111111,SNWS,CRATEÚS,CRATEÚS,./0.png
-44.9694444444444,-21.9175,SNXB,CAXAMBU,CAXAMBU,./0.png
-42.6833333333333,-10.8341666666667,SNXQ,XIQUE-XIQUE,XIQUE-XIQUE,./0.png
-52.5780555555556,-1.47916666666667,SNYA,ALMEIRIM,ALMEIRIM,./0.png
-49.4872222222222,-19.0019444444444,SNYB,TITO TEIXEIRA,ITUIUTABA,./0.png
-45.105,-2.4775,SNYE,PINHEIRO,PINHEIRO,./0.png
-41.3022222222222,-13.8286111111111,SNYT,ITUAÇU,ITUAÇU,./0.png
-50.2202777777778,-19.7172222222222,SNYU,ITURAMA,ITURAMA,./0.png
-45.9194444444444,-22.2888888888889,SNZA,POUSO ALEGRE,POUSO ALEGRE,./0.png
-46.8813888888889,-17.2430555555556,SNZR,PEDRO RABELO DE SOUZA,PARACATU,./0.png
-39.1405555555556,-13.7316666666667,SNZW,ITUBERÁ,ITUBERÁ,./0.png
-50.2647222222222,-23.7630555555556,SSAB,MOISÉS LUPION,IBAITI,./0.png
-53.0558333333333,-32.2291666666667,SSAE,ARROIO GRANDE,ARROIO GRANDE,./0.png
-53.6113888888889,-28.6586111111111,SSAK,CARLOS RUHL,CRUZ ALTA,./0.png
-50.2283333333333,-23.0269444444444,SSAN,JOÃO GALDINO,ANDIRÁ,./0.png
-51.385,-23.6122222222222,SSAP,CAPITÃO JOÃO BUSSE,APUCARANA,./0.png
-52.5166666666667,-28.2505555555556,SSAQ,AEROCLUBE DE PASSO FUNDO,PASSO FUNDO,./0.png
-49.0936111111111,-26.8327777777778,SSBL,BLUMENAU,BLUMENAU,./0.png
-51.1825,-30.1891666666667,SSBN,BELÉM NOVO,PORTO ALEGRE,./0.png
-50.4230555555555,-23.0727777777778,SSBR,YARA,BANDEIRANTES,./0.png
-56.5383333333333,-22.0822222222222,SSBV,BELA VISTA,BELA VISTA,./0.png
-47.0555555555556,-21.7880555555556,SSCB,MUNICIPAL DE CASA BRANCA,CASA BRANCA,./0.png
-52.4880555555556,-18.8391666666667,SSCD,CHAPADÃO DO SUL,CHAPADÃO DO SUL,./0.png
-54.7158333333333,-18.4813888888889,SSCI,COXIM,COXIM,./0.png
-52.0511111111111,-27.1805555555556,SSCK,OLAVO CECCO RIGON,CONCÓRDIA,./0.png
-45.7547222222222,-21.5613888888889,SNPU,PARAGUAÇU,PARAGUAÇU,./0.png
-50.8322222222222,-29.3705555555556,SSCN,CANELA,CANELA,./0.png
-50.6025,-23.1525,SSCP,FRANCISCO LACERDA JÚNIOR,CORNÉLIO PROCÓPIO,./0.png
-54.0538888888889,-24.5127777777778,SSCR,RUBEN BERTA,MARECHAL CÂNDIDO RONDON,./0.png
-52.6422222222222,-23.6916666666667,SSCT,ENGENHEIRO GASTÃO DE MESQUITA FILHO,CIANORTE,./0.png
-51.9341666666667,-29.4533333333333,SSEE,REGIONAL DO VALE DO TAQUARI,ESTRELA,./0.png
-53.5794444444444,-30.1822222222222,SSEP,SÃO SEPÉ,SÃO SEPÉ,./0.png
-52.2761111111111,-27.66,SSER,ERECHIM,ERECHIM,./0.png
-52.8555555555556,-28.7380555555556,SSEZ,ESPUMOSO,ESPUMOSO,./0.png
-53.0633333333333,-26.0588888888889,SSFB,PAULO ABDALA,FRANCISCO BELTRÃO,./0.png
-40.6283333333333,-7.1,SSFL,JOÃO PEREIRA DOS SANTOS FILHO,FRONTEIRAS,./0.png
-51.5322222222222,-29.2683333333333,SSGA,GARIBALDI,GARIBALDI,./0.png
-48.6122222222222,-25.8805555555556,SSGB,MUNICIPAL DE GUARATUBA,GUARATUBA,./0.png
-53.0438888888889,-24.2197222222222,SSGW,MANOEL RIBAS,GOIOERÊ,./0.png
-54.1880555555556,-24.0797222222222,SSGY,GUAÍRA,GUAÍRA,./0.png
-54.3388888888889,-27.6383333333333,SSHZ,WALTER BÜNDCHEN,HORIZONTINA,./0.png
-54.5952777777778,-20.6038888888889,SSIE,TERUEL IPANEMA ESTÂNCIA,CAMPO GRANDE,./0.png
-53.8463888888889,-28.3686111111111,SSIJ,IJUÍ,IJUÍ,./0.png
-56.5383333333333,-29.1719444444444,SSIQ,ITAQUI,ITAQUI,./0.png
-53.0786111111111,-28.6041666666667,SSIR,IBIRUBÁ,IBIRUBÁ,./0.png
-51.5516666666667,-27.1727777777778,SSJA,SANTA TEREZINHA,JOAÇABA,./0.png
-56.1527777777778,-21.4927777777778,SSJI,JARDIM,JARDIM,./0.png
-53.7433333333333,-29.1530555555556,SSJK,JÚLIO DE CASTILHOS,JÚLIO DE CASTILHOS,./0.png
-54.5247222222222,-20.5055555555556,SSKG,ESTÂNCIA SANTA MARIA,CAMPO GRANDE,./0.png
-50.0369444444444,-29.7636111111111,SSKK,CAPÃO DA CANOA,CAPÃO DA CANOA,./0.png
-52.3569444444444,-24.0025,SSKM,CAMPO MOURÃO,CAMPO MOURÃO,./0.png
-52.9402777777778,-30.0022222222222,SSKS,CACHOEIRA DO SUL,CACHOEIRA DO SUL,./0.png
-50.6038888888889,-27.2872222222222,SSKU,LAURO ANTÔNIO DA COSTA,CURITIBANOS,./0.png
-61.4508333333333,-11.4955555555556,SSKW,CACOAL,CACOAL,./0.png
-52.8155555555556,-28.3213888888889,SSKZ,CARAZINHO,CARAZINHO,./0.png
-55.0375,-28.3763888888889,SSLG,SÃO LUIZ GONZAGA,SÃO LUIZ GONZAGA,./0.png
-49.5427777777778,-27.1597222222222,SSLN,LONTRAS,LONTRAS,./0.png
-53.1497222222222,-22.9177777777778,SSLO,ATTILLIO ACCORSI,LOANDA,./0.png
-40.5305555555556,-12.2713888888889,SSLS,RUY BARBOSA,RUY BARBOSA,./0.png
-55.8933333333333,-29.8125,SSLT,GAUDÊNCIO MACHADO RAMOS,ALEGRETE,./0.png
-55.145,-21.6338888888889,SSMJ,MARACAJU,MARACAJU,./0.png
-51.6516666666667,-24.5294444444444,SSMR,MANOEL RIBAS,MANOEL RIBAS,./0.png
-50.9122222222222,-31.1041666666667,SSMT,MOSTARDAS,MOSTARDAS,./0.png
-54.185,-23.0413888888889,SSNB,ARIOSTO DA RIVA,NAVIRAÍ,./0.png
-51.4888888888889,-29.7197222222222,SSNG,MONTENEGRO,MONTENEGRO,./0.png
-51.0819444444444,-29.6991666666667,SSNH,NOVO HAMBURGO,NOVO HAMBURGO,./0.png
-51.6041666666667,-28.8025,SSNP,NOVA PRATA,NOVA PRATA,./0.png
-55.8302777777778,-21.1847222222222,SSNQ,NIOAQUE,NIOAQUE,./0.png
-53.5033333333333,-26.7811111111111,SSOE,HÉLIO WASUM,SÃO MIGUEL DO OESTE,./0.png
-51.4908333333333,-23.3558333333333,SSOG,ARAPONGAS,ARAPONGAS,./0.png
-48.7738888888889,-22.3063888888889,SSOI,PEDERNEIRAS,PEDERNEIRAS,./0.png
-44.9694444444444,-21.2438888888889,SSOL,LAVRAS,LAVRAS,./0.png
-50.2505555555556,-29.9022222222222,SSOS,OSÓRIO,OSÓRIO,./0.png
-52.6944444444444,-26.2172222222222,SBPO,JUVENAL LOUREIRO CARDOSO,PATO BRANCO,./0.png
-48.5311111111111,-25.5405555555556,SSPG,SANTOS DUMONT,PARANAGUÁ,./0.png
-52.4886111111111,-23.09,SSPI,EDU CHAVES,PARANAVAÍ,./0.png
-53.3288888888889,-27.9016666666667,SSPL,PALMEIRA DAS MISSÕES,PALMEIRA DAS MISSÕES,./0.png
-57.8791666666667,-21.7127777777778,SSPM,PORTO MURTINHO,PORTO MURTINHO,./0.png
-51.1994444444444,-19.6511111111111,SSPN,PARANAÍBA,PARANAÍBA,./0.png
-51.9755555555556,-26.4722222222222,SSPS,DIMORVAN CARRARO,PALMAS,./0.png
-53.8286111111111,-24.3433333333333,SSPT,BRASÍLIO MARQUES,PALOTINA,./0.png
-49.8188888888889,-23.6744444444444,SSQC,AGUINALDO PEREIRA LIMA,SIQUEIRA CAMPOS,./0.png
-39.2861111111111,-10.4652777777778,SSQP,MONTE SANTO,MONTE SANTO,./0.png
-49.9602777777778,-24.8075,SSQT,MAJOR NEODO S. PEREIRA,CASTRO,./0.png
-45.895,-12.1063888888889,SSQZ,LUÍS EDUARDO MAGALHÃES,LUÍS EDUARDO MAGALHÃES,./0.png
-53.5130555555556,-25.8011111111111,SSRE,REALEZA,REALEZA,./0.png
-39.4511111111111,-12.7658333333333,SSRF,CASTRO ALVES,CASTRO ALVES,./0.png
-47.8402777777778,-24.5316666666667,SSRG,AEROPORTO ESTADUAL DE REGISTRO,REGISTRO,./0.png
-42.9958333333333,-9.51361111111111,SSRK,CAMPO ALEGRE DE LOURDES,CAMPO ALEGRE DE LOURDES,./0.png
-42.8044444444444,-2.75666666666667,SSRS,BARREIRINHAS,BARREIRINHAS,./0.png
-52.0325,-31.3847222222222,SSRU,SÃO LOURENÇO DO SUL,SÃO LOURENÇO DO SUL,./0.png
-54.9252777777778,-30.2775,SSRZ,DÁRIO BRASIL CAPOANO DE OLIVEIRA,ROSÁRIO DO SUL,./0.png
-56.0347222222222,-28.6547222222222,SSSB,SÃO BORJA,SÃO BORJA,./0.png
-52.4122222222222,-29.6841666666667,SSSC,SANTA CRUZ DO SUL,SANTA CRUZ DO SUL,./0.png
-52.5405555555556,-28.8633333333333,SSSD,SOLEDADE,SOLEDADE,./0.png
-54.2677777777778,-30.345,SSSG,SÃO GABRIEL,SÃO GABRIEL,./0.png
-48.5644444444444,-26.2211111111111,SSSS,SÃO FRANCISCO DO SUL,SÃO FRANCISCO DO SUL,./0.png
-54.8422222222222,-29.215,SSST,SANTIAGO,SANTIAGO,./0.png
-51.0138888888889,-23.0619444444444,SSSZ,SERTANÓPOLIS,SERTANÓPOLIS,./0.png
-50.3097222222222,-26.1327777777778,SSTB,TRÊS BARRAS,TRÊS BARRAS,./0.png
-53.3138888888889,-23.7991666666667,SSUM,ORLANDO DE CARVALHO,UMUARAMA,./0.png
-51.0688888888889,-26.2316666666667,SSUV,JOSÉ CLETO,UNIÃO DA VITÓRIA,./0.png
-40.9147222222222,-14.9077777777778,SBVC,GLAUBER DE ANDRADE ROCHA,VITÓRIA DA CONQUISTA,./0.png
-51.1413888888889,-26.9997222222222,SSVI,ÂNGELO PONZONI,VIDEIRA,./0.png
-50.6522222222222,-24.3163888888889,SSVL,TELÊMACO BORBA (SBTL*),TELÊMACO BORBA,./0.png
-51.5677777777778,-28.9355555555556,SSVN,VERANÓPOLIS,VERANÓPOLIS,./0.png
-40.3580555555556,-2.90666666666667,SBJE,COMANDANTE ARISTON PESSOA,CRUZ,./0.png
-53.4591666666667,-30.5494444444444,SSWS,CAÇAPAVA DO SUL,CAÇAPAVA DO SUL,./0.png
-52.8644444444444,-27.9805555555556,SSXD,TOBIAS BACCI,SARANDI,./0.png
-52.3730555555556,-26.8755555555556,SSXX,MUNICIPAL JOÃO WINCKLER,XANXERÊ,./0.png
-54.5222222222222,-27.9088888888889,SSZR,LUIS ALBERTO LEHR,SANTA ROSA,./0.png
-50.1438888888889,-25.1844444444444,SBPG,COMANDANTE ANTÔNIO AMILTON BERALDO,PONTA GROSSA,./0.png
-62.9188888888889,-0.980833333333333,SWBC,BARCELOS,BARCELOS,./0.png
-40.8833333333333,-4.05,SWBE,WALFRIDO SAMITO DE ALMEIDA,SÃO BENEDITO,./0.png
-59.3852777777778,-15.1933333333333,SWBG,ANDRÉ ANTÔNIO MAGGI,PONTES E LACERDA,./0.png
-59.5977777777778,-4.40861111111111,SWBR,BORBA,BORBA,./0.png
-66.8975,-4.87138888888889,SWCA,CARAUARI,CARAUARI,./0.png
-46.7747222222222,-13.0088888888889,SWCB,CAMPOS BELOS,CAMPOS BELOS,./0.png
-64.2516666666667,-12.4216666666667,SWCQ,COSTA MARQUES,COSTA MARQUES,./0.png
-49.6047222222222,-15.3447222222222,SWCZ,CERES,CERES,./0.png
-56.4005555555556,-14.3769444444444,SWDM,DIAMANTINO,DIAMANTINO,./0.png
-46.8477777777778,-11.5952777777778,SWDN,DIANÓPOLIS,DIANÓPOLIS,./0.png
-69.8830555555555,-6.6375,SWEI,EIRUNEPÉ,EIRUNEPÉ,./0.png
-52.2705555555556,-13.5744444444444,SWEK,CANARANA,CANARANA,./0.png
-60.0211111111111,-3.07277777777778,SWFN,FLORES,MANAUS,./0.png
-47.3452777777778,-15.5561111111111,SWFR,FORMOSA,FORMOSA,./0.png
-50.6883333333333,-11.6319444444444,SWFX,SÃO FÉLIX DO ARAGUAIA,SÃO FÉLIX DO ARAGUAIA,./0.png
-49.1333333333333,-11.7394444444444,SWGI,GURUPI,GURUPI,./0.png
-48.2408333333333,-7.22833333333333,SWGN,ARAGUAÍNA,ARAGUAÍNA,./0.png
-52.1522222222222,-14.0194444444444,SWHP,OLHOS D'ÁGUA,ÁGUA BOA,./0.png
-63.0505555555556,-7.53361111111111,SWHT,FRANCISCO CORREA DA CRUZ,HUMAITÁ,./0.png
-69.6947222222222,-2.93361111111111,SWII,IPIRANGA,SANTO ANTÔNIO DO IÇÁ,./0.png
-48.2005555555556,-13.5505555555556,SWIQ,MINAÇU,MINAÇU,./0.png
-58.71,-11.4194444444444,SWJN,JUÍNA,JUÍNA,./0.png
-51.7752777777778,-17.83,SWJW,JATAÍ,JATAÍ,./0.png
-57.6297222222222,-16.0427777777778,SWKC,CÁCERES,CÁCERES,./0.png
-63.1311111111111,-4.13388888888889,SWKO,COARI,COARI,./0.png
-42.6444444444444,-9.08277777777778,SWKQ,SERRA DA CAPIVARA/SÃO RAIMUNDO NONATO,SÃO RAIMUNDO NONATO,./0.png
-47.8994444444444,-18.2169444444444,SWKT,CATALÃO,CATALÃO,./0.png
-64.7838888888889,-7.25027777777778,SWLB,LÁBREA,LÁBREA,./0.png
-50.9561111111111,-17.8347222222222,SWLC,GENERAL LEITE DE CASTRO,RIO VERDE,./0.png
-52.5561111111111,-17.5519444444444,SWME,MINEIROS,MINEIROS,./0.png
-57.7122222222222,-3.35694444444445,SWMW,MAUÉS,MAUÉS,./0.png
-51.0483333333333,-14.9330555555556,SWNH,ARUANÃ,ARUANÃ,./0.png
-67.3122222222222,-8.83361111111111,SWNK,NOVO CAMPO,BOCA DO ACRE,./0.png
-48.4919444444444,-14.4363888888889,SWNQ,NIQUELÂNDIA,NIQUELÂNDIA,./0.png
-56.7672222222222,-14.4836111111111,SWNR,NORTELÂNDIA,NORTELÂNDIA,./0.png
-48.9280555555556,-16.3625,SWNS,ANÁPOLIS,ANÁPOLIS,./0.png
-49.3494444444444,-16.6255555555556,SBNV,AERÓDROMO NACIONAL DE AVIAÇÃO,GOIÂNIA,./0.png
-66.0672222222222,-2.53361111111111,SWOB,FONTE BOA,FONTE BOA,./0.png
-57.3338888888889,-11.5169444444444,SWPG,PORTO DOS GAÚCHOS,PORTO DOS GAÚCHOS,./0.png
-56.7711111111111,-2.66944444444444,SWPI,PARINTINS,PARINTINS,./0.png
-56.6511111111111,-16.2716666666667,SWPK,POCONÉ,POCONÉ,./0.png
-53.3816666666667,-12.1983333333333,SWPL,POSTO LEONARDO VILAS BOAS,GAÚCHA DO NORTE,./0.png
-61.1811111111111,-11.6416666666667,SWPM,PIMENTA BUENO,PIMENTA BUENO,./0.png
-48.3347222222222,-17.3191666666667,SWPR,PIRES DO RIO,PIRES DO RIO,./0.png
-54.3377777777778,-15.5655555555556,SWPY,PRIMAVERA DO LESTE,PRIMAVERA DO LESTE,./0.png
-46.3452777777778,-14.1180555555556,SWPZ,OURIÇANGA DE ABREU,POSSE,./0.png
-63.8580555555556,-8.79361111111111,SWRO,AEROCLUBE DE RONDÔNIA,PORTO VELHO,./0.png
-55.5861111111111,-11.885,SBSI,PRESIDENTE JOÃO BATISTA FIGUEIREDO,SINOP,./0.png
-48.9327777777778,-10.1738888888889,SWTO,PARAÍSO DO TOCANTINS,PARAÍSO DO TOCANTINS,./0.png
-65.0338888888889,-0.416944444444444,SWTP,SANTA ISABEL DO RIO NEGRO,SANTA ISABEL DO RIO NEGRO,./0.png
-57.4438888888889,-14.6619444444444,SWTS,TANGARÁ DA SERRA,TANGARÁ DA SERRA,./0.png
-46.4005555555556,-12.4338888888889,SWTY,TAGUATINGA,TAGUATINGA,./0.png
-50.2058333333333,-13.3338888888889,SWUA,SÃO MIGUEL DO ARAGUAIA,SÃO MIGUEL DO ARAGUAIA,./0.png
-44.8130555555556,-20.4458333333333,SWUD,DEPUTADO OSWALDO TOLENTINO,CLÁUDIO,./0.png
-47.9686111111111,-16.2616666666667,SWUZ,BRIGADEIRO ARARIPE MACEDO,LUZIÂNIA,./0.png
-51.1405555555556,-9.98111111111111,SWVC,VILA RICA,VILA RICA,./0.png
-49.1572222222222,-13.4044444444444,SWWA,PORANGATU,PORANGATU,./0.png
-49.0911111111111,-14.5447222222222,SWWU,URUAÇU,URUAÇU,./0.png
-54.9527777777778,-10.1702777777778,SWXM,REGIONAL ORLANDO VILLAS BOAS,MATUPÁ,./0.png
-49.7311111111111,-21.6627777777778,SWXQ,LINS,LINS,./0.png
-52.3491666666667,-14.6908333333333,SWXV,XAVANTINA,NOVA XAVANTINA,./0.png
-59.8388888888889,-7.17222222222222,SWYN,APUÍ,APUÍ,./0.png
-47.1658333333333,-23.4269444444444,SBJH,SÃO PAULO CATARINA AEROPORTO EXECUTIVO,SÃO ROQUE,./0.png
-45.64,-22.2727777777778,SJXI,SANTA RITA DO SAPUCAÍ,SANTA RITA DO SAPUCAÍ,./0.png
-50.3583333333333,-27.6341666666667,SNCP,REGIONAL DO PLANALTO SERRANO,CORREIA PINTO,./0.png
